﻿<?xml version="1.0" encoding="utf-8"?><Menus><Menu text="سيرة حياة" ID="60" url="/UserPages/MenuDetails.aspx?MenuID=60" IMAGE="" /><Menu text="فتاوى" ID="61" url="/UserPages/Fatawa.aspx" IMAGE="" /><Menu text="مقالات وبحوث ودراسات" ID="62" url="/UserPages/ArticlesViewer.aspx" IMAGE="" /><Menu text="جدول الدكتور" ID="64" url="/UserPages/EventsViewer.aspx" IMAGE="" /><Menu text="صوتيات ومرئيات" ID="63" url="/UserPages/SawtyyatViewer.aspx" IMAGE="" /><Menu text="أرشيف الصور" ID="66" url="/UserPages/GalleryCategories.aspx" IMAGE="" /><Menu text="المنتدى" ID="65" url="/UserPages/ForumGroupViewer.aspx" IMAGE="" /><Menu text="اتصل بنا" ID="67" url="/UserPages/ContactUs.aspx" IMAGE="" /></Menus>